DOB,Club Name
12/3/62,East Penn Referees
9/1/67,East Penn Referees
11/30/67,East Penn Referees
10/5/68,East Penn Referees
9/27/69,East Penn Referees
9/4/72,East Penn Referees
4/8/75,East Penn Referees
7/28/82,East Penn Referees
7/30/85,East Penn Referees
11/2/86,East Penn Referees
9/13/89,East Penn Referees
4/29/90,East Penn Referees
6/23/93,East Penn Referees
10/25/93,East Penn Referees
7/22/95,East Penn Referees
4/2/96,East Penn Referees
4/28/97,East Penn Referees
7/25/00,East Penn Referees
11/24/03,East Penn Referees
2/18/07,East Penn Referees
2/24/41,New England Referees
12/1/50,New England Referees
7/21/53,New England Referees
12/3/54,New England Referees
8/15/55,New England Referees
2/7/56,New England Referees
9/2/56,New England Referees
12/3/56,New England Referees
5/10/61,New England Referees
10/3/61,New England Referees
10/6/61,New England Referees
11/16/61,New England Referees
4/3/63,New England Referees
1/15/64,New England Referees
2/8/66,New England Referees
8/2/66,New England Referees
8/1/67,New England Referees
8/31/67,New England Referees
1/20/69,New England Referees
5/21/69,New England Referees
8/10/69,New England Referees
12/7/69,New England Referees
3/11/70,New England Referees
2/22/74,New England Referees
11/21/74,New England Referees
1/11/75,New England Referees
7/14/75,New England Referees
4/30/77,New England Referees
4/30/77,New England Referees
7/23/82,New England Referees
2/19/83,New England Referees
3/24/83,New England Referees
2/3/84,New England Referees
11/15/85,New England Referees
1/31/88,New England Referees
1/8/90,New England Referees
4/6/90,New England Referees
12/17/91,New England Referees
12/9/92,New England Referees
1/22/94,New England Referees
5/30/94,New England Referees
3/26/95,New England Referees
7/6/95,New England Referees
5/10/96,New England Referees
11/29/97,New England Referees
7/6/00,New England Referees
1/7/01,New England Referees
2/18/44,New York Referees (RRSNY)
2/16/48,New York Referees (RRSNY)
8/1/54,New York Referees (RRSNY)
3/8/58,New York Referees (RRSNY)
12/1/58,New York Referees (RRSNY)
12/20/58,New York Referees (RRSNY)
5/14/60,New York Referees (RRSNY)
3/22/63,New York Referees (RRSNY)
9/30/63,New York Referees (RRSNY)
9/20/64,New York Referees (RRSNY)
6/4/67,New York Referees (RRSNY)
3/9/68,New York Referees (RRSNY)
11/11/69,New York Referees (RRSNY)
1/7/70,New York Referees (RRSNY)
6/28/71,New York Referees (RRSNY)
4/19/73,New York Referees (RRSNY)
9/30/73,New York Referees (RRSNY)
11/17/73,New York Referees (RRSNY)
3/23/77,New York Referees (RRSNY)
1/16/78,New York Referees (RRSNY)
1/20/79,New York Referees (RRSNY)
5/8/79,New York Referees (RRSNY)
5/11/81,New York Referees (RRSNY)
4/19/82,New York Referees (RRSNY)
1/16/83,New York Referees (RRSNY)
2/21/85,New York Referees (RRSNY)
5/29/86,New York Referees (RRSNY)
1/1/87,New York Referees (RRSNY)
2/15/87,New York Referees (RRSNY)
9/15/87,New York Referees (RRSNY)
5/31/88,New York Referees (RRSNY)
12/10/88,New York Referees (RRSNY)
4/28/89,New York Referees (RRSNY)
7/4/89,New York Referees (RRSNY)
12/10/89,New York Referees (RRSNY)
3/7/90,New York Referees (RRSNY)
6/30/90,New York Referees (RRSNY)
9/2/90,New York Referees (RRSNY)
11/11/90,New York Referees (RRSNY)
8/24/91,New York Referees (RRSNY)
10/10/91,New York Referees (RRSNY)
11/15/91,New York Referees (RRSNY)
4/18/92,New York Referees (RRSNY)
7/22/92,New York Referees (RRSNY)
2/2/93,New York Referees (RRSNY)
8/22/93,New York Referees (RRSNY)
9/17/94,New York Referees (RRSNY)
2/1/95,New York Referees (RRSNY)
2/7/95,New York Referees (RRSNY)
8/5/95,New York Referees (RRSNY)
8/10/95,New York Referees (RRSNY)
8/12/97,New York Referees (RRSNY)
3/16/98,New York Referees (RRSNY)
7/31/98,New York Referees (RRSNY)
8/7/98,New York Referees (RRSNY)
12/8/99,New York Referees (RRSNY)
11/21/06,New York Referees (RRSNY)
7/14/08,New York Referees (RRSNY)
3/22/49,Potomac Referees
2/28/59,Potomac Referees
2/16/65,Potomac Referees
5/10/65,Potomac Referees
10/18/66,Potomac Referees
3/27/68,Potomac Referees
5/12/68,Potomac Referees
9/16/69,Potomac Referees
3/30/70,Potomac Referees
7/21/71,Potomac Referees
2/12/79,Potomac Referees
7/27/80,Potomac Referees
10/22/80,Potomac Referees
12/15/82,Potomac Referees
4/28/83,Potomac Referees
11/18/83,Potomac Referees
7/18/84,Potomac Referees
6/18/85,Potomac Referees
9/3/85,Potomac Referees
4/9/87,Potomac Referees
3/24/89,Potomac Referees
5/5/90,Potomac Referees
6/22/90,Potomac Referees
12/20/90,Potomac Referees
1/6/91,Potomac Referees
4/22/91,Potomac Referees
5/1/92,Potomac Referees
12/9/92,Potomac Referees
5/30/93,Potomac Referees
2/6/94,Potomac Referees
5/16/96,Potomac Referees
12/11/97,Potomac Referees
1/18/99,Potomac Referees
7/16/00,Potomac Referees
10/31/00,Potomac Referees
3/2/02,Potomac Referees
4/12/06,Potomac Referees
6/10/06,Potomac Referees
7/25/06,Potomac Referees
12/28/06,Potomac Referees
3/14/08,Potomac Referees
8/24/51,Upstate NY Referees
12/31/58,Upstate NY Referees
2/16/64,Upstate NY Referees
3/8/71,Upstate NY Referees
6/20/71,Upstate NY Referees
8/3/72,Upstate NY Referees
9/26/78,Upstate NY Referees
5/9/81,Upstate NY Referees
7/17/81,Upstate NY Referees
3/4/83,Upstate NY Referees
6/21/85,Upstate NY Referees
1/9/87,Upstate NY Referees
10/27/87,Upstate NY Referees
5/7/88,Upstate NY Referees
3/22/89,Upstate NY Referees
4/12/90,Upstate NY Referees
7/16/91,Upstate NY Referees
1/22/93,Upstate NY Referees
3/21/95,Upstate NY Referees
9/10/01,Upstate NY Referees
3/6/55,Virgina Referees (RSV)
7/2/71,Virgina Referees (RSV)
10/1/76,Virgina Referees (RSV)
2/15/81,Virgina Referees (RSV)
10/15/83,Virgina Referees (RSV)
2/5/87,Virgina Referees (RSV)
6/21/88,Virgina Referees (RSV)
4/7/89,Virgina Referees (RSV)
10/31/90,Virgina Referees (RSV)
10/19/96,Virgina Referees (RSV)
5/29/49,Virginia Referees (RSV)
7/17/61,Virginia Referees (RSV)
4/16/62,Virginia Referees (RSV)
2/21/67,Virginia Referees (RSV)
12/13/67,Virginia Referees (RSV)
1/10/71,Virginia Referees (RSV)
9/16/76,Virginia Referees (RSV)
9/6/77,Virginia Referees (RSV)
4/3/82,Virginia Referees (RSV)
5/4/87,Virginia Referees (RSV)
7/1/87,Virginia Referees (RSV)
9/5/94,Virginia Referees (RSV)
8/1/98,Virginia Referees (RSV)
3/12/99,Virginia Referees (RSV)